[
    {
        "name": "Alice",
        "phone": "18221338086",
        "avatar": ""
    },
    {
        "avatar": "https://timgsa.baidu.com/timg?image&quality=80&size=b9999_10000&sec=1548672655441&di=62d493c858f69aabacabf853fd0d03ae&imgtype=jpg&src=http%3A%2F%2Fimg1.imgtn.bdimg.com%2Fit%2Fu%3D4272098701%2C934395444%26fm%3D214%26gp%3D0.jpg",
        "name": "小昭",
        "phone": "18799992726"
    },
    {
        "name": "张无忌",
        "phone": "18601952581",
        "avatar": "https://timgsa.baidu.com/timg?image&quality=80&size=b9999_10000&sec=1548670883358&di=3f4d1b081632ce46bfa3780fba51a80e&imgtype=0&src=http%3A%2F%2Fimgtu.5011.net%2Fuploads%2Fcontent%2F20160226%2F6826321456467832.jpg"
    },
    {
        "name": "阿发",
        "phone": "13522038091",
        "avatar": ""
    },
    {
        "name": "Bob",
        "phone": "18510634252",
        "avatar": ""
    },
    {
        "name": "David",
        "phone": "18810600294",
        "avatar": ""
    },
    {
        "name": "大傻",
        "phone": "13122111123",
        "avatar": "https://timgsa.baidu.com/timg?image&quality=80&size=b9999_10000&sec=1549267881&di=90082381a6542fa44ba1c55d8d85fc33&imgtype=jpg&er=1&src=http%3A%2F%2Fi2.hdslb.com%2Fbfs%2Farchive%2F8d1bae082411ee2f7d37253c2b867dc727d285b8.jpg"
    },
    {
        "name": "杜娟",
        "phone": "18222348086",
        "avatar": ""
    },
    {
        "name": "Jack",
        "phone": "18001738086",
        "avatar": ""
    },
    {
        "name": "Rose",
        "phone": "18591038086",
        "avatar": ""
    },
    {
        "name": "任盈盈",
        "phone": "18811002299",
        "avatar": "https://timgsa.baidu.com/timg?image&quality=80&size=b9999_10000&sec=1548671350410&di=3dffe7bb048014f6090355671c2e119b&imgtype=0&src=http%3A%2F%2Fstatic.pig66.com%2Fuploadfile%2F2016%2F1003%2F20161003070039436.jpg"
    },
    {
        "name": "孙正义",
        "phone": "13221338086",
        "avatar": ""
    },
    {
        "name": "Sally",
        "phone": "15221338086",
        "avatar": ""
    },
    {
        "name": "令狐冲",
        "phone": "15521338086",
        "avatar": "https://timgsa.baidu.com/timg?image&quality=80&size=b9999_10000&sec=1548671387386&di=42979a7cfbde3e070423ba2c17b05d94&imgtype=0&src=http%3A%2F%2Fimg.mingxing.com%2Fupload%2Fpicture%2F2016%2F04-08%2FMOLsZU.jpg"
    },
    {
        "name": "东方不败",
        "phone": "17021338086",
        "avatar": "https://timgsa.baidu.com/timg?image&quality=80&size=b9999_10000&sec=1548670954081&di=3f0db0468f77ccf992002501edd4b1e0&imgtype=0&src=http%3A%2F%2Fimg.zcool.cn%2Fcommunity%2F01f3a65541a121000001a64b5d5d57.jpg%401280w_1l_2o_100sh.jpg"
    },
    {
        "avatar": "http://00imgmini.eastday.com/mobile/20181222/fdfad816f4ac2d5992ebccecb3533e7f_wmk.jpeg",
        "name": "周芷若",
        "phone": "13128377764"
    }
]