[
  {
    "id": 1,
    "title": "工作日半夜 1 点之后，你通常正在",
    "image": "http://img.qdaily.com/question/question/20190517005307l6oDRxw2UkaHTqt8.gif?imageMogr2/auto-orient/thumbnail/!700x412r/gravity/Center/crop/700x412/quality/85/ignore-error/1",
    "options": [
      {
        "id": 344174,
        "content": "已经睡着了"
      },
      {
        "id": 344175,
        "content": "边瞌睡边玩手机"
      },
      {
        "id": 344176,
        "content": "清醒地玩手机"
      },
      {
        "id": 344177,
        "content": "加班/学习"
      }
    ]
  },
  {
    "id": 2,
    "title": "周末半夜 2 点之后，你的状态一般是",
    "image": "http://img.qdaily.com/question/question/20190517005320fimYZd8AUuhz9jLc.gif?imageMogr2/auto-orient/thumbnail/!700x412r/gravity/Center/crop/700x412/quality/85/ignore-error/1",
    "options": [
      {
        "id": 344178,
        "content": "早就睡了"
      },
      {
        "id": 344179,
        "content": "多愁善感胡思乱想"
      },
      {
        "id": 344180,
        "content": "精神百倍根本睡不着"
      },
      {
        "id": 344181,
        "content": "虽然困还要撑着玩一会"
      }
    ]
  },
  {
    "id": 3,
    "title": "最常导致你熬夜的理由是",
    "image": "http://img.qdaily.com/question/question/20190517005510GFceu58I3TMAqQXP.gif?imageMogr2/auto-orient/thumbnail/!700x412r/gravity/Center/crop/700x412/quality/85/ignore-error/1",
    "options": [
      {
        "id": 344182,
        "content": "备考/工作/赶论文"
      },
      {
        "id": 344183,
        "content": "聊天/刷朋友圈/想事情"
      },
      {
        "id": 344184,
        "content": "看视频/打游戏/读小说"
      },
      {
        "id": 344185,
        "content": "都不会，基本不熬夜"
      }
    ]
  },
  {
    "id": 4,
    "title": "睡不着的时候，你通常会",
    "image": "http://img.qdaily.com/question/question/20190517005937QNnqtgchrDHu9vzK.gif?imageMogr2/auto-orient/thumbnail/!700x412r/gravity/Center/crop/700x412/quality/85/ignore-error/1",
    "options": [
      {
        "id": 344186,
        "content": "闭上眼睛等睡意"
      },
      {
        "id": 344187,
        "content": "习惯性摸出手机"
      },
      {
        "id": 344188,
        "content": "回顾一下白天的事"
      },
      {
        "id": 344189,
        "content": "干脆做点正事好了"
      }
    ]
  },
  {
    "id": 5,
    "title": "熬夜的第二天早上，你的内心 OS 一般是",
    "image": "http://img.qdaily.com/question/question/20190517010513rqxlu5psmWhKae3E.gif?imageMogr2/auto-orient/thumbnail/!700x412r/gravity/Center/crop/700x412/quality/85/ignore-error/1",
    "options": [
      {
        "id": 344190,
        "content": "生物钟扭回来就行了"
      },
      {
        "id": 344191,
        "content": "挺开心的，下次继续"
      },
      {
        "id": 344192,
        "content": "明天一定早睡（并不)"
      },
      {
        "id": 344193,
        "content": "都别叫我让我睡一天"
      }
    ]
  },
  {
    "id": 6,
    "title": "加班/有事很晚才到家，然而明天还要上班/上学，你会",
    "image": "http://img.qdaily.com/question/question/2019051701000152MUrTQ460zYEmVv.gif?imageMogr2/auto-orient/thumbnail/!700x412r/gravity/Center/crop/700x412/quality/85/ignore-error/1",
    "options": [
      {
        "id": 344190,
        "content": "啥也不看，光速洗睡"
      },
      {
        "id": 344191,
        "content": "感觉还行，再玩一会"
      },
      {
        "id": 344192,
        "content": "累也要刷完朋友圈"
      },
      {
        "id": 344193,
        "content": "检查一遍明天的事情再躺"
      }
    ]
  },
  {
    "id": 7,
    "title": "你的全天精神状态波动情况更接近",
    "image": "http://img.qdaily.com/question/question/20190517010650rtW61IA3HCbkfRjE.gif?imageMogr2/auto-orient/thumbnail/!700x412r/gravity/Center/crop/700x412/quality/85/ignore-error/1",
    "options": [
      {
        "id": 344194,
        "content": "白天比较精神"
      },
      {
        "id": 344195,
        "content": "晚上比较精神"
      },
      {
        "id": 344196,
        "content": "没有固定生物钟"
      },
      {
        "id": 344197,
        "content": "闲下来就会打瞌睡"
      }
    ]
  },
  {
    "id": 8,
    "title": "熬夜之后，你的（心理）补救措施是",
    "image": "http://img.qdaily.com/question/question/201905170107023g09mjnA1VCQL5rH.gif?imageMogr2/auto-orient/thumbnail/!700x412r/gravity/Center/crop/700x412/quality/85/ignore-error/1",
    "options": [
      {
        "id": 344198,
        "content": "吃宵夜"
      },
      {
        "id": 344199,
        "content": "养生/护肤加大力度"
      },
      {
        "id": 344200,
        "content": "补觉"
      },
      {
        "id": 344201,
        "content": "都不会"
      }
    ]
  },
  {
    "id": 9,
    "title": "打算睡觉了突然看到有人深夜发吃，你会",
    "image": "http://img.qdaily.com/question/question/20190517010716Acj30ozs6F5OTg7w.gif?imageMogr2/auto-orient/thumbnail/!700x412r/gravity/Center/crop/700x412/quality/85/ignore-error/1",
    "options": [
      {
        "id": 344202,
        "content": "无动于衷地躺下"
      },
      {
        "id": 344203,
        "content": "感到饿但还是决定睡觉"
      },
      {
        "id": 344204,
        "content": "看点别的转移注意力"
      },
      {
        "id": 344205,
        "content": "去冰箱/外卖 app 里觅食"
      }
    ]
  },
  {
    "id": 10,
    "title": "一直期待的球赛/首映礼/发布会后半夜才开始，你更倾向于",
    "image": "http://img.qdaily.com/question/question/20190517010244502duGisvjRhpFrU.gif?imageMogr2/auto-orient/thumbnail/!700x412r/gravity/Center/crop/700x412/quality/85/ignore-error/1",
    "options": [
      {
        "id": 344206,
        "content": "直接看明天的重播"
      },
      {
        "id": 344207,
        "content": "在等待过程中睡着"
      },
      {
        "id": 344208,
        "content": "一定要看完再睡"
      },
      {
        "id": 344209,
        "content": "调闹钟，到点醒了再说"
      }
    ]
  }
]